tenure,age,address,income,ed,employ,equip,callcard,wireless,longmon,tollmon,equipmon,cardmon,wiremon,longten,tollten,cardten,voice,pager,internet,callwait,confer,ebill,loglong,logtoll,lninc,custcat,churn
11.0,33.0,7.0,136.0,5.0,5.0,0.0,1.0,1.0,4.4,20.75,0.0,15.25,35.7,42.0,211.45,125.0,1.0,1.0,0.0,1.0,1.0,0.0,1.482,3.033,4.913,4.0,1
33.0,33.0,12.0,33.0,2.0,0.0,0.0,0.0,0.0,9.45,0.0,0.0,0.0,0.0,288.8,0.0,0.0,0.0,0.0,0.0,0.0,0.0,0.0,2.246,3.24,3.497,1.0,1
23.0,30.0,9.0,30.0,1.0,2.0,0.0,0.0,0.0,6.3,0.0,0.0,0.0,0.0,157.05,0.0,0.0,0.0,0.0,0.0,0.0,1.0,0.0,1.841,3.24,3.401,3.0,0
38.0,35.0,5.0,76.0,2.0,10.0,1.0,1.0,1.0,6.05,45.0,50.1,23.25,64.9,239.55,1873.05,880.0,1.0,1.0,1.0,1.0,1.0,1.0,1.8,3.807,4.331,4.0,0
7.0,35.0,14.0,80.0,2.0,15.0,0.0,1.0,0.0,7.1,22.0,0.0,23.75,0.0,47.45,166.1,145.0,1.0,0.0,0.0,1.0,1.0,0.0,1.96,3.091,4.382,3.0,0
68.0,52.0,17.0,120.0,1.0,24.0,0.0,1.0,0.0,20.7,0.0,0.0,22.0,0.0,1391.05,0.0,1505.0,0.0,0.0,0.0,0.0,0.0,0.0,3.03,3.24,4.787,1.0,0
42.0,40.0,7.0,37.0,2.0,8.0,1.0,1.0,1.0,8.25,23.5,36.9,28.0,37.4,399.15,950.65,1190.0,1.0,0.0,1.0,1.0,1.0,1.0,2.11,3.157,3.611,4.0,0
9.0,21.0,1.0,17.0,2.0,2.0,0.0,0.0,0.0,2.9,0.0,0.0,0.0,0.0,25.25,0.0,0.0,0.0,0.0,0.0,0.0,0.0,0.0,1.065,3.24,2.833,1.0,0
35.0,50.0,26.0,140.0,2.0,21.0,0.0,1.0,0.0,6.5,27.5,0.0,35.0,0.0,247.55,1068.25,1215.0,0.0,0.0,0.0,1.0,1.0,0.0,1.872,3.314,4.942,3.0,0
49.0,51.0,27.0,63.0,4.0,19.0,0.0,1.0,0.0,12.85,25.75,0.0,14.25,0.0,585.6,1278.45,635.0,0.0,0.0,1.0,1.0,0.0,1.0,2.553,3.248,4.143,2.0,0
56.0,52.0,28.0,49.0,2.0,12.0,0.0,1.0,0.0,24.75,0.0,0.0,22.25,0.0,1349.05,0.0,1215.0,0.0,0.0,0.0,0.0,0.0,0.0,3.209,3.24,3.892,2.0,0
47.0,40.0,16.0,127.0,4.0,12.0,1.0,1.0,0.0,19.7,0.0,28.15,14.75,0.0,909.9,0.0,680.0,0.0,0.0,1.0,0.0,0.0,1.0,2.981,3.24,4.844,2.0,0
56.0,50.0,1.0,80.0,2.0,24.0,0.0,1.0,1.0,28.8,55.5,0.0,21.25,61.1,1558.1,3119.45,1065.0,1.0,1.0,0.0,1.0,1.0,0.0,3.36,4.016,4.382,4.0,0
69.0,51.0,11.0,438.0,4.0,23.0,1.0,1.0,0.0,29.0,0.0,47.05,24.75,0.0,1815.4,0.0,1655.0,0.0,1.0,1.0,0.0,1.0,0.0,3.367,3.24,6.082,4.0,0
16.0,27.0,5.0,37.0,3.0,5.0,0.0,0.0,0.0,6.0,0.0,0.0,0.0,0.0,80.7,0.0,0.0,0.0,0.0,0.0,0.0,0.0,0.0,1.792,3.24,3.611,1.0,0
4.0,35.0,16.0,161.0,5.0,6.0,1.0,0.0,1.0,3.4,23.75,49.8,0.0,35.75,10.35,103.1,0.0,1.0,1.0,1.0,1.0,1.0,1.0,1.224,3.168,5.081,4.0,1
27.0,51.0,3.0,80.0,5.0,11.0,1.0,0.0,0.0,7.1,0.0,39.4,0.0,0.0,176.2,0.0,0.0,0.0,1.0,1.0,0.0,0.0,1.0,1.96,3.24,4.382,2.0,0
52.0,61.0,3.0,53.0,5.0,1.0,1.0,1.0,1.0,12.25,0.0,38.4,8.75,35.95,631.7,0.0,465.0,1.0,0.0,1.0,0.0,1.0,1.0,2.506,3.24,3.97,2.0,0
64.0,25.0,4.0,76.0,3.0,2.0,1.0,1.0,0.0,24.05,0.0,35.4,21.25,0.0,1536.55,0.0,1400.0,0.0,0.0,0.0,0.0,1.0,1.0,3.18,3.24,4.331,3.0,0
12.0,24.0,2.0,19.0,1.0,0.0,0.0,1.0,0.0,4.0,24.75,0.0,27.25,0.0,46.0,299.0,295.0,0.0,0.0,0.0,1.0,1.0,0.0,1.386,3.209,2.944,3.0,1
35.0,61.0,23.0,41.0,2.0,11.0,0.0,1.0,0.0,9.6,0.0,0.0,9.5,0.0,353.55,0.0,295.0,0.0,0.0,0.0,0.0,0.0,0.0,2.262,3.24,3.714,1.0,0
13.0,54.0,2.0,31.0,4.0,2.0,0.0,0.0,0.0,5.85,0.0,0.0,0.0,0.0,97.0,0.0,0.0,1.0,0.0,1.0,0.0,0.0,1.0,1.766,3.24,3.434,1.0,0
45.0,22.0,2.0,36.0,4.0,0.0,1.0,0.0,0.0,9.95,14.75,26.15,0.0,0.0,412.1,663.1,0.0,0.0,0.0,0.0,0.0,0.0,0.0,2.298,2.691,3.584,2.0,1
3.0,37.0,13.0,24.0,1.0,3.0,0.0,0.0,0.0,2.0,0.0,0.0,0.0,0.0,3.05,0.0,0.0,1.0,0.0,0.0,0.0,1.0,1.0,0.693,3.24,3.178,1.0,0
53.0,22.0,1.0,25.0,4.0,0.0,1.0,1.0,0.0,12.05,0.0,27.15,6.5,0.0,666.0,0.0,335.0,0.0,0.0,1.0,0.0,0.0,1.0,2.489,3.24,3.219,2.0,0
17.0,42.0,6.0,131.0,5.0,6.0,1.0,0.0,1.0,5.8,0.0,35.35,0.0,21.65,103.1,0.0,0.0,0.0,0.0,1.0,0.0,0.0,1.0,1.758,3.24,4.875,2.0,1
59.0,43.0,4.0,101.0,2.0,22.0,0.0,1.0,0.0,13.65,0.0,0.0,20.75,0.0,817.65,0.0,1195.0,0.0,0.0,0.0,0.0,1.0,0.0,2.614,3.24,4.615,2.0,0
57.0,37.0,11.0,108.0,4.0,9.0,1.0,1.0,0.0,21.8,27.25,42.0,8.0,0.0,1292.0,1492.1,425.0,0.0,0.0,1.0,1.0,1.0,0.0,3.082,3.305,4.682,3.0,0
3.0,24.0,2.0,20.0,2.0,3.0,0.0,1.0,0.0,3.35,22.5,0.0,9.25,0.0,7.55,49.55,15.0,1.0,0.0,1.0,1.0,1.0,0.0,1.209,3.114,2.996,3.0,0
4.0,47.0,5.0,123.0,4.0,11.0,1.0,1.0,0.0,2.5,0.0,25.3,13.75,0.0,9.25,0.0,40.0,0.0,0.0,1.0,0.0,0.0,1.0,0.916,3.24,4.812,1.0,0
29.0,26.0,7.0,34.0,1.0,7.0,0.0,1.0,0.0,6.5,0.0,0.0,16.0,0.0,198.7,0.0,490.0,0.0,0.0,0.0,1.0,0.0,0.0,1.872,3.24,3.526,3.0,0
64.0,55.0,28.0,104.0,1.0,26.0,0.0,1.0,0.0,15.0,0.0,0.0,39.25,0.0,960.95,0.0,2360.0,0.0,0.0,0.0,0.0,1.0,0.0,2.708,3.24,4.644,3.0,0
22.0,34.0,1.0,46.0,3.0,1.0,1.0,0.0,0.0,7.1,0.0,23.4,0.0,0.0,125.05,0.0,0.0,0.0,0.0,1.0,0.0,0.0,0.0,1.96,3.24,3.829,2.0,0
33.0,54.0,18.0,57.0,4.0,4.0,1.0,0.0,0.0,7.5,30.25,33.9,0.0,0.0,226.25,1105.75,0.0,0.0,0.0,1.0,1.0,0.0,0.0,2.015,3.409,4.043,3.0,1
18.0,69.0,11.0,58.0,3.0,8.0,1.0,1.0,1.0,6.35,27.25,53.95,11.75,63.0,118.05,454.05,175.0,1.0,1.0,1.0,1.0,1.0,1.0,1.848,3.305,4.06,4.0,0
65.0,65.0,27.0,128.0,3.0,24.0,0.0,1.0,0.0,21.2,24.0,0.0,14.5,0.0,1325.05,1483.55,940.0,0.0,0.0,0.0,1.0,1.0,0.0,3.054,3.178,4.852,3.0,0
39.0,24.0,2.0,26.0,2.0,4.0,0.0,1.0,0.0,10.4,0.0,0.0,12.5,0.0,403.5,0.0,480.0,0.0,0.0,0.0,0.0,0.0,1.0,2.342,3.24,3.258,1.0,1
28.0,29.0,4.0,23.0,3.0,5.0,0.0,0.0,0.0,3.7,0.0,0.0,0.0,0.0,91.95,0.0,0.0,0.0,0.0,1.0,0.0,1.0,1.0,1.308,3.24,3.135,2.0,0
46.0,42.0,9.0,52.0,4.0,7.0,0.0,1.0,0.0,14.25,0.0,0.0,21.0,0.0,611.65,0.0,985.0,0.0,0.0,0.0,0.0,0.0,0.0,2.657,3.24,3.951,2.0,0
43.0,43.0,3.0,55.0,4.0,18.0,1.0,1.0,1.0,9.1,40.75,48.4,16.0,50.6,422.7,1802.5,675.0,1.0,1.0,1.0,1.0,1.0,0.0,2.208,3.707,4.007,4.0,0
21.0,29.0,7.0,40.0,4.0,2.0,1.0,1.0,1.0,4.5,17.0,36.2,19.25,33.4,89.1,386.8,395.0,0.0,0.0,1.0,1.0,0.0,0.0,1.504,2.833,3.689,1.0,0
53.0,57.0,25.0,37.0,1.0,7.0,0.0,1.0,0.0,7.7,0.0,0.0,9.25,0.0,363.95,0.0,465.0,0.0,0.0,0.0,0.0,0.0,0.0,2.041,3.24,3.611,2.0,0
50.0,52.0,17.0,36.0,4.0,16.0,0.0,1.0,1.0,11.95,55.0,0.0,48.0,85.85,616.25,2662.1,2330.0,1.0,1.0,0.0,1.0,1.0,1.0,2.481,4.007,3.584,4.0,0
43.0,21.0,1.0,25.0,1.0,4.0,0.0,0.0,0.0,7.6,0.0,0.0,0.0,0.0,334.45,0.0,0.0,0.0,0.0,1.0,0.0,1.0,0.0,2.028,3.24,3.219,2.0,1
33.0,33.0,12.0,42.0,4.0,7.0,1.0,1.0,1.0,8.8,0.0,30.95,23.0,23.35,305.75,0.0,730.0,1.0,0.0,0.0,0.0,0.0,0.0,2.175,3.24,3.738,2.0,0
45.0,66.0,43.0,144.0,2.0,13.0,0.0,1.0,0.0,7.75,0.0,0.0,13.0,0.0,338.8,0.0,565.0,0.0,0.0,1.0,0.0,0.0,0.0,2.048,3.24,4.97,2.0,0
28.0,57.0,33.0,82.0,4.0,22.0,1.0,0.0,0.0,4.05,0.0,31.45,0.0,0.0,71.5,0.0,0.0,1.0,0.0,1.0,0.0,0.0,1.0,1.399,3.24,4.407,2.0,1
37.0,33.0,1.0,102.0,2.0,12.0,1.0,1.0,1.0,16.3,0.0,33.35,10.25,37.9,646.7,0.0,360.0,0.0,1.0,1.0,1.0,0.0,1.0,2.791,3.24,4.625,4.0,0
71.0,56.0,23.0,170.0,1.0,30.0,0.0,1.0,0.0,14.2,27.0,0.0,30.0,0.0,1001.2,1840.65,2140.0,1.0,1.0,0.0,1.0,1.0,0.0,2.653,3.296,5.136,4.0,0
58.0,58.0,10.0,96.0,2.0,17.0,0.0,0.0,0.0,12.5,23.0,0.0,0.0,0.0,710.8,1345.95,0.0,0.0,0.0,0.0,1.0,1.0,0.0,2.526,3.135,4.564,3.0,0
36.0,58.0,34.0,80.0,1.0,21.0,0.0,1.0,0.0,8.5,0.0,0.0,8.5,0.0,298.25,0.0,260.0,0.0,0.0,0.0,1.0,0.0,0.0,2.14,3.24,4.382,2.0,0
26.0,39.0,15.0,58.0,4.0,9.0,0.0,1.0,1.0,8.65,21.25,0.0,6.5,19.65,210.6,567.55,145.0,0.0,0.0,1.0,0.0,1.0,0.0,2.158,3.056,4.06,3.0,0
13.0,43.0,1.0,123.0,3.0,21.0,1.0,1.0,0.0,3.85,23.0,33.05,6.75,0.0,55.05,317.5,75.0,0.0,1.0,1.0,1.0,0.0,1.0,1.348,3.135,4.812,4.0,0
28.0,40.0,7.0,64.0,1.0,19.0,0.0,0.0,0.0,6.0,27.5,0.0,0.0,0.0,167.65,722.5,0.0,0.0,0.0,0.0,0.0,1.0,0.0,1.792,3.314,4.159,3.0,0
1.0,21.0,1.0,18.0,3.0,0.0,1.0,0.0,0.0,2.7,0.0,32.7,0.0,0.0,2.7,0.0,0.0,0.0,0.0,1.0,0.0,1.0,1.0,0.993,3.24,2.89,1.0,1
15.0,35.0,5.0,34.0,3.0,8.0,1.0,0.0,0.0,5.15,0.0,25.55,0.0,0.0,110.55,0.0,0.0,0.0,0.0,1.0,0.0,0.0,1.0,1.639,3.24,3.526,2.0,1
12.0,64.0,13.0,9.0,2.0,6.0,1.0,1.0,0.0,3.8,30.0,32.8,8.5,0.0,52.85,317.75,95.0,0.0,0.0,1.0,1.0,1.0,1.0,1.335,3.401,2.197,3.0,0
5.0,30.0,3.0,46.0,4.0,7.0,1.0,0.0,0.0,4.3,0.0,32.1,0.0,0.0,17.55,0.0,0.0,0.0,0.0,1.0,0.0,0.0,1.0,1.459,3.24,3.829,2.0,1
32.0,27.0,3.0,91.0,4.0,1.0,1.0,1.0,1.0,5.5,16.0,42.65,3.75,41.3,189.05,543.15,100.0,1.0,1.0,1.0,0.0,1.0,1.0,1.705,2.773,4.511,4.0,1
14.0,36.0,13.0,67.0,5.0,4.0,1.0,0.0,0.0,14.05,0.0,25.1,0.0,0.0,187.4,0.0,0.0,0.0,0.0,1.0,1.0,0.0,0.0,2.643,3.24,4.205,1.0,0
67.0,60.0,32.0,93.0,1.0,21.0,1.0,1.0,0.0,18.85,0.0,32.0,42.75,0.0,1200.7,0.0,2665.0,0.0,0.0,0.0,0.0,0.0,1.0,2.937,3.24,4.533,2.0,0
60.0,45.0,23.0,117.0,4.0,11.0,1.0,1.0,1.0,12.4,28.0,51.7,19.5,52.9,755.7,1721.25,1135.0,1.0,1.0,1.0,1.0,1.0,1.0,2.518,3.332,4.762,4.0,0
70.0,55.0,12.0,65.0,3.0,24.0,0.0,1.0,0.0,26.7,42.75,0.0,20.5,0.0,1874.25,2921.35,1465.0,1.0,0.0,0.0,1.0,1.0,0.0,3.285,3.755,4.174,3.0,0
6.0,24.0,2.0,28.0,1.0,5.0,0.0,1.0,0.0,4.4,9.0,0.0,28.25,0.0,35.1,57.8,155.0,0.0,0.0,0.0,1.0,1.0,0.0,1.482,2.197,3.332,3.0,1
38.0,33.0,3.0,38.0,4.0,0.0,1.0,1.0,0.0,10.95,0.0,27.2,12.25,0.0,412.8,0.0,465.0,0.0,0.0,1.0,0.0,0.0,1.0,2.393,3.24,3.638,2.0,0
53.0,35.0,15.0,59.0,3.0,5.0,0.0,1.0,0.0,16.85,23.25,0.0,18.5,0.0,888.45,1250.7,995.0,0.0,1.0,0.0,1.0,0.0,0.0,2.824,3.146,4.078,3.0,0
37.0,76.0,38.0,117.0,4.0,21.0,0.0,1.0,0.0,7.5,0.0,0.0,6.25,0.0,273.7,0.0,230.0,0.0,0.0,0.0,0.0,0.0,0.0,2.015,3.24,4.762,1.0,0
61.0,45.0,21.0,80.0,2.0,13.0,0.0,1.0,0.0,18.1,0.0,0.0,35.25,0.0,1114.75,0.0,2200.0,0.0,0.0,0.0,0.0,0.0,0.0,2.896,3.24,4.382,2.0,0
20.0,31.0,10.0,39.0,2.0,3.0,0.0,0.0,0.0,7.75,0.0,0.0,0.0,0.0,148.75,0.0,0.0,0.0,0.0,0.0,0.0,0.0,0.0,2.048,3.24,3.664,1.0,0
72.0,60.0,33.0,12.0,1.0,20.0,0.0,1.0,1.0,53.75,68.5,0.0,10.25,43.95,3776.1,4938.6,780.0,1.0,1.0,0.0,1.0,1.0,0.0,3.984,4.227,2.485,4.0,0
61.0,43.0,6.0,34.0,5.0,6.0,1.0,1.0,1.0,25.05,39.0,56.8,32.75,51.0,1541.9,2536.1,1980.0,1.0,1.0,1.0,1.0,1.0,1.0,3.221,3.664,3.526,4.0,1
54.0,27.0,3.0,27.0,2.0,6.0,1.0,1.0,1.0,12.4,35.0,48.3,5.75,43.5,660.85,1919.75,315.0,1.0,1.0,1.0,1.0,1.0,1.0,2.518,3.555,3.296,4.0,0
28.0,36.0,3.0,42.0,3.0,7.0,0.0,1.0,0.0,12.9,28.25,0.0,14.0,0.0,363.65,820.15,370.0,0.0,0.0,1.0,1.0,1.0,0.0,2.557,3.341,3.738,3.0,0
52.0,42.0,17.0,27.0,3.0,8.0,0.0,1.0,0.0,19.65,31.0,0.0,19.75,0.0,1008.8,1661.3,1050.0,0.0,0.0,1.0,1.0,1.0,0.0,2.978,3.434,3.296,3.0,0
43.0,27.0,3.0,21.0,2.0,1.0,0.0,1.0,0.0,12.65,0.0,0.0,16.5,0.0,558.85,0.0,760.0,0.0,0.0,0.0,0.0,0.0,0.0,2.538,3.24,3.045,2.0,0
46.0,45.0,12.0,96.0,3.0,17.0,1.0,1.0,0.0,10.95,0.0,24.5,9.75,0.0,504.3,0.0,410.0,0.0,0.0,1.0,0.0,0.0,1.0,2.393,3.24,4.564,2.0,0
39.0,59.0,20.0,1668.0,4.0,27.0,0.0,0.0,0.0,8.2,15.0,0.0,0.0,0.0,303.95,595.6,0.0,1.0,0.0,1.0,1.0,0.0,0.0,2.104,2.708,7.419,2.0,0
10.0,34.0,1.0,52.0,5.0,3.0,1.0,0.0,1.0,4.3,0.0,32.55,0.0,25.4,47.45,0.0,0.0,0.0,0.0,1.0,0.0,0.0,1.0,1.459,3.24,3.951,2.0,1
69.0,46.0,18.0,66.0,2.0,19.0,0.0,1.0,0.0,21.85,0.0,0.0,46.5,0.0,1589.1,0.0,3265.0,0.0,0.0,0.0,0.0,0.0,0.0,3.084,3.24,4.19,2.0,0
45.0,30.0,0.0,63.0,5.0,4.0,1.0,1.0,1.0,7.1,40.75,39.75,16.5,50.85,314.8,1849.5,775.0,1.0,1.0,1.0,1.0,1.0,1.0,1.96,3.707,4.143,4.0,1
52.0,62.0,23.0,36.0,4.0,17.0,0.0,1.0,0.0,13.35,18.5,0.0,18.5,0.0,709.25,978.85,915.0,0.0,0.0,0.0,0.0,1.0,0.0,2.592,2.918,3.584,1.0,0
42.0,36.0,14.0,44.0,2.0,11.0,0.0,0.0,1.0,7.0,26.5,0.0,0.0,26.1,321.95,1161.3,0.0,0.0,1.0,0.0,1.0,1.0,0.0,1.946,3.277,3.784,3.0,0
5.0,44.0,5.0,83.0,1.0,16.0,1.0,0.0,0.0,4.65,0.0,25.25,0.0,0.0,12.3,0.0,0.0,0.0,0.0,0.0,1.0,0.0,0.0,1.537,3.24,4.419,2.0,1
10.0,33.0,2.0,66.0,3.0,9.0,0.0,1.0,0.0,7.1,21.25,0.0,25.25,0.0,59.3,241.8,220.0,0.0,0.0,1.0,0.0,0.0,0.0,1.96,3.056,4.19,1.0,1
26.0,30.0,9.0,18.0,4.0,1.0,0.0,1.0,0.0,7.25,25.5,0.0,32.5,0.0,171.85,688.35,840.0,1.0,1.0,0.0,1.0,1.0,0.0,1.981,3.239,2.89,4.0,1
25.0,30.0,0.0,20.0,1.0,4.0,0.0,1.0,0.0,8.55,21.75,0.0,15.5,0.0,215.95,522.15,370.0,0.0,0.0,0.0,1.0,1.0,0.0,2.146,3.08,2.996,3.0,0
30.0,23.0,4.0,19.0,3.0,1.0,1.0,1.0,0.0,7.9,0.0,35.2,27.5,0.0,253.05,0.0,840.0,0.0,0.0,1.0,0.0,0.0,1.0,2.067,3.24,2.944,2.0,0
65.0,59.0,27.0,197.0,4.0,26.0,1.0,1.0,0.0,45.4,0.0,25.75,46.75,0.0,2973.55,0.0,3065.0,0.0,1.0,0.0,0.0,0.0,1.0,3.816,3.24,5.283,2.0,0
5.0,32.0,6.0,33.0,4.0,3.0,1.0,0.0,0.0,3.2,0.0,21.6,0.0,0.0,24.55,0.0,0.0,0.0,0.0,1.0,0.0,0.0,1.0,1.163,3.24,3.497,1.0,1
7.0,23.0,3.0,27.0,2.0,1.0,0.0,1.0,0.0,3.65,9.5,0.0,7.0,0.0,21.0,76.05,55.0,0.0,0.0,0.0,1.0,0.0,0.0,1.295,2.251,3.296,1.0,0
25.0,29.0,9.0,55.0,4.0,1.0,0.0,0.0,0.0,5.25,24.75,0.0,0.0,0.0,147.95,612.45,0.0,0.0,0.0,0.0,0.0,0.0,1.0,1.658,3.209,4.007,1.0,1
8.0,22.0,3.0,25.0,4.0,0.0,0.0,1.0,1.0,8.0,32.25,0.0,18.25,19.45,61.55,264.0,155.0,1.0,0.0,0.0,1.0,1.0,0.0,2.079,3.474,3.219,3.0,0
39.0,47.0,1.0,68.0,4.0,10.0,0.0,0.0,0.0,8.3,0.0,0.0,0.0,0.0,308.55,0.0,0.0,0.0,0.0,1.0,0.0,0.0,1.0,2.116,3.24,4.22,2.0,1
28.0,36.0,3.0,69.0,3.0,2.0,1.0,1.0,1.0,6.05,25.25,41.55,31.75,36.6,153.05,697.05,835.0,1.0,1.0,0.0,1.0,1.0,1.0,1.8,3.229,4.234,4.0,0
55.0,52.0,22.0,127.0,1.0,28.0,0.0,1.0,0.0,7.05,0.0,0.0,20.25,0.0,400.55,0.0,1150.0,1.0,0.0,0.0,0.0,0.0,1.0,1.953,3.24,4.844,2.0,0
11.0,63.0,9.0,41.0,3.0,3.0,1.0,0.0,0.0,4.15,0.0,29.9,0.0,0.0,46.35,0.0,0.0,0.0,0.0,1.0,0.0,0.0,1.0,1.423,3.24,3.714,1.0,1
51.0,48.0,27.0,58.0,1.0,18.0,0.0,1.0,0.0,19.2,25.75,0.0,9.25,0.0,964.85,1320.05,390.0,0.0,0.0,0.0,0.0,1.0,0.0,2.955,3.248,4.06,3.0,1
25.0,62.0,27.0,28.0,4.0,33.0,1.0,1.0,1.0,8.3,14.75,52.0,18.0,47.0,160.4,359.25,430.0,1.0,1.0,0.0,1.0,1.0,1.0,2.116,2.691,3.332,4.0,1
62.0,76.0,20.0,35.0,3.0,18.0,0.0,1.0,0.0,17.25,0.0,0.0,17.75,0.0,1045.7,0.0,1085.0,0.0,0.0,0.0,0.0,0.0,1.0,2.848,3.24,3.555,2.0,0
53.0,33.0,1.0,60.0,1.0,6.0,0.0,1.0,1.0,17.65,28.5,0.0,41.0,28.55,950.7,1502.2,2170.0,1.0,1.0,0.0,1.0,1.0,0.0,2.871,3.35,4.094,4.0,0
1.0,30.0,3.0,135.0,4.0,3.0,1.0,1.0,0.0,1.1,5.75,22.8,2.75,0.0,1.1,5.75,2.75,0.0,0.0,1.0,0.0,0.0,1.0,0.095,1.749,4.905,1.0,1
20.0,32.0,10.0,19.0,3.0,5.0,1.0,0.0,0.0,6.85,0.0,36.05,0.0,0.0,106.5,0.0,0.0,0.0,0.0,1.0,0.0,0.0,1.0,1.924,3.24,2.944,2.0,0
34.0,63.0,10.0,23.0,2.0,0.0,1.0,1.0,1.0,14.3,19.5,39.6,15.25,28.95,459.05,616.5,495.0,1.0,1.0,1.0,1.0,1.0,1.0,2.66,2.97,3.135,4.0,0
44.0,45.0,19.0,88.0,1.0,21.0,0.0,1.0,0.0,11.9,25.25,0.0,8.25,0.0,524.25,1108.4,305.0,0.0,0.0,0.0,1.0,1.0,0.0,2.477,3.229,4.477,3.0,0
12.0,23.0,2.0,24.0,4.0,0.0,0.0,1.0,1.0,3.2,41.0,0.0,15.75,35.4,35.5,502.0,210.0,1.0,1.0,1.0,1.0,1.0,0.0,1.163,3.714,3.178,4.0,0
39.0,34.0,4.0,20.0,5.0,3.0,1.0,1.0,1.0,9.55,21.25,59.2,10.0,79.2,375.4,872.5,385.0,1.0,1.0,1.0,1.0,1.0,1.0,2.257,3.056,2.996,4.0,0
19.0,26.0,2.0,48.0,3.0,0.0,0.0,1.0,0.0,7.55,0.0,0.0,6.5,0.0,156.15,0.0,105.0,1.0,0.0,0.0,1.0,0.0,0.0,2.022,3.24,3.871,3.0,0
7.0,27.0,3.0,39.0,3.0,2.0,0.0,0.0,0.0,3.55,0.0,0.0,0.0,0.0,19.7,0.0,0.0,0.0,0.0,0.0,0.0,0.0,0.0,1.267,3.24,3.664,1.0,1
32.0,34.0,0.0,38.0,1.0,10.0,0.0,1.0,0.0,7.35,0.0,0.0,19.25,0.0,217.45,0.0,600.0,0.0,0.0,0.0,0.0,0.0,1.0,1.995,3.24,3.638,2.0,0
35.0,34.0,7.0,78.0,4.0,10.0,0.0,1.0,0.0,13.9,0.0,0.0,4.5,0.0,556.2,0.0,135.0,0.0,0.0,0.0,0.0,0.0,0.0,2.632,3.24,4.357,1.0,0
56.0,42.0,10.0,24.0,2.0,5.0,0.0,0.0,0.0,33.65,0.0,0.0,0.0,0.0,1871.2,0.0,0.0,0.0,0.0,0.0,1.0,1.0,0.0,3.516,3.24,3.178,3.0,0
5.0,47.0,7.0,46.0,1.0,6.0,0.0,1.0,0.0,2.95,0.0,0.0,7.25,0.0,21.55,0.0,35.0,0.0,0.0,0.0,0.0,0.0,0.0,1.082,3.24,3.829,1.0,1
16.0,50.0,5.0,263.0,2.0,29.0,1.0,0.0,1.0,3.75,17.0,31.95,0.0,21.9,59.75,253.35,0.0,0.0,0.0,0.0,1.0,1.0,1.0,1.322,2.833,5.572,3.0,0
17.0,42.0,6.0,31.0,2.0,2.0,0.0,0.0,1.0,8.25,24.5,0.0,0.0,26.4,140.85,404.8,0.0,1.0,0.0,0.0,1.0,1.0,1.0,2.11,3.199,3.434,4.0,1
9.0,24.0,3.0,26.0,4.0,1.0,1.0,0.0,0.0,7.65,0.0,23.25,0.0,0.0,75.25,0.0,0.0,0.0,0.0,0.0,0.0,0.0,0.0,2.035,3.24,3.258,1.0,0
9.0,41.0,12.0,39.0,4.0,3.0,1.0,0.0,1.0,4.7,0.0,39.65,0.0,20.8,26.3,0.0,0.0,1.0,1.0,1.0,0.0,0.0,1.0,1.548,3.24,3.664,1.0,1
71.0,41.0,10.0,73.0,2.0,23.0,0.0,1.0,0.0,32.65,0.0,0.0,41.75,0.0,2412.6,0.0,3085.0,0.0,0.0,0.0,1.0,0.0,0.0,3.486,3.24,4.29,3.0,0
11.0,26.0,2.0,53.0,3.0,3.0,1.0,1.0,1.0,4.15,21.5,43.7,11.75,38.8,34.7,188.35,110.0,1.0,1.0,1.0,1.0,0.0,1.0,1.423,3.068,3.97,4.0,1
23.0,50.0,1.0,151.0,4.0,8.0,0.0,0.0,0.0,8.25,21.75,0.0,0.0,0.0,186.5,438.4,0.0,0.0,0.0,0.0,0.0,0.0,0.0,2.11,3.08,5.017,1.0,0
24.0,58.0,30.0,24.0,1.0,5.0,0.0,0.0,0.0,7.65,16.0,0.0,0.0,0.0,177.4,420.65,0.0,0.0,0.0,0.0,0.0,0.0,0.0,2.035,2.773,3.178,1.0,0
4.0,24.0,1.0,17.0,2.0,2.0,0.0,0.0,0.0,3.2,0.0,0.0,0.0,0.0,9.9,0.0,0.0,0.0,0.0,0.0,0.0,0.0,0.0,1.163,3.24,2.833,1.0,1
10.0,28.0,9.0,75.0,4.0,1.0,1.0,1.0,1.0,6.2,27.5,42.4,40.0,36.3,45.95,225.85,340.0,1.0,1.0,1.0,1.0,1.0,1.0,1.825,3.314,4.317,4.0,1
24.0,35.0,10.0,41.0,5.0,6.0,1.0,0.0,0.0,3.3,0.0,30.3,0.0,0.0,88.65,0.0,0.0,0.0,0.0,1.0,0.0,0.0,1.0,1.194,3.24,3.714,2.0,0
12.0,31.0,8.0,18.0,4.0,4.0,1.0,0.0,0.0,3.7,0.0,24.3,0.0,0.0,48.55,0.0,0.0,0.0,0.0,1.0,0.0,0.0,1.0,1.308,3.24,2.89,1.0,1
59.0,55.0,29.0,42.0,3.0,21.0,0.0,1.0,0.0,8.95,0.0,0.0,15.25,0.0,492.35,0.0,855.0,0.0,0.0,0.0,0.0,0.0,0.0,2.192,3.24,3.738,2.0,0
72.0,75.0,48.0,14.0,2.0,6.0,0.0,1.0,0.0,37.3,0.0,0.0,109.25,0.0,2686.25,0.0,7515.0,0.0,0.0,0.0,0.0,0.0,0.0,3.619,3.24,2.639,2.0,0
67.0,40.0,14.0,59.0,3.0,11.0,0.0,1.0,0.0,27.0,30.0,0.0,19.75,0.0,1722.5,1959.95,1245.0,0.0,0.0,0.0,1.0,1.0,0.0,3.296,3.401,4.078,3.0,0
10.0,40.0,6.0,22.0,3.0,6.0,0.0,0.0,0.0,5.05,0.0,0.0,0.0,0.0,59.95,0.0,0.0,0.0,0.0,1.0,0.0,0.0,0.0,1.619,3.24,3.091,1.0,1
30.0,28.0,1.0,20.0,1.0,8.0,0.0,0.0,0.0,12.4,0.0,0.0,0.0,0.0,369.45,0.0,0.0,0.0,0.0,0.0,0.0,0.0,0.0,2.518,3.24,2.996,1.0,1
24.0,46.0,12.0,43.0,2.0,6.0,0.0,1.0,1.0,12.05,48.25,0.0,33.0,28.15,307.75,1079.05,820.0,1.0,1.0,0.0,1.0,1.0,1.0,2.489,3.876,3.761,4.0,0
72.0,75.0,37.0,33.0,1.0,44.0,0.0,1.0,0.0,49.3,31.75,0.0,26.0,0.0,3417.4,2254.15,1835.0,0.0,0.0,0.0,0.0,1.0,0.0,3.898,3.458,3.497,2.0,0
26.0,43.0,23.0,51.0,5.0,4.0,1.0,0.0,0.0,7.9,0.0,21.95,0.0,0.0,267.6,0.0,0.0,0.0,0.0,1.0,0.0,0.0,0.0,2.067,3.24,3.932,2.0,1
36.0,45.0,22.0,117.0,3.0,15.0,0.0,0.0,0.0,10.5,0.0,0.0,0.0,0.0,429.1,0.0,0.0,0.0,0.0,0.0,0.0,0.0,1.0,2.351,3.24,4.762,2.0,0
16.0,54.0,20.0,147.0,1.0,29.0,0.0,1.0,0.0,6.95,23.25,0.0,6.5,0.0,98.5,357.95,90.0,0.0,0.0,0.0,1.0,1.0,0.0,1.939,3.146,4.99,3.0,0
54.0,42.0,0.0,55.0,4.0,2.0,1.0,1.0,1.0,14.3,55.5,62.15,19.25,83.7,695.2,3086.35,1050.0,1.0,1.0,1.0,1.0,1.0,1.0,2.66,4.016,4.007,4.0,1
72.0,62.0,35.0,163.0,5.0,31.0,1.0,1.0,1.0,28.35,32.75,45.15,39.75,56.55,2017.6,2276.3,2845.0,1.0,1.0,1.0,1.0,1.0,0.0,3.345,3.489,5.094,4.0,0
19.0,32.0,12.0,71.0,4.0,5.0,1.0,1.0,1.0,5.25,21.5,62.4,17.0,47.8,97.4,419.25,275.0,1.0,1.0,1.0,1.0,1.0,1.0,1.658,3.068,4.263,4.0,1
18.0,25.0,4.0,26.0,2.0,7.0,0.0,1.0,0.0,3.3,27.5,0.0,31.0,0.0,50.35,531.1,540.0,0.0,0.0,0.0,0.0,1.0,0.0,1.194,3.314,3.258,1.0,0
45.0,34.0,14.0,43.0,4.0,0.0,1.0,0.0,0.0,6.55,0.0,32.35,0.0,0.0,315.2,0.0,0.0,0.0,0.0,1.0,0.0,0.0,1.0,1.879,3.24,3.761,2.0,1
17.0,41.0,9.0,28.0,4.0,3.0,0.0,1.0,0.0,1.8,0.0,0.0,10.0,0.0,27.1,0.0,140.0,0.0,0.0,0.0,1.0,0.0,0.0,0.588,3.24,3.332,1.0,0
8.0,42.0,2.0,129.0,4.0,17.0,0.0,0.0,0.0,6.1,0.0,0.0,0.0,0.0,63.8,0.0,0.0,0.0,0.0,1.0,0.0,1.0,1.0,1.808,3.24,4.86,1.0,0
66.0,62.0,31.0,47.0,2.0,4.0,0.0,1.0,0.0,34.25,21.0,0.0,20.0,0.0,2298.25,1425.35,1355.0,0.0,0.0,0.0,0.0,0.0,0.0,3.534,3.045,3.85,2.0,0
60.0,57.0,18.0,72.0,5.0,30.0,1.0,1.0,1.0,20.35,29.0,50.25,20.5,55.9,1263.9,1806.85,1140.0,1.0,1.0,1.0,1.0,1.0,1.0,3.013,3.367,4.277,4.0,0
63.0,37.0,1.0,45.0,4.0,9.0,1.0,1.0,0.0,14.95,0.0,39.25,13.5,0.0,974.15,0.0,820.0,1.0,0.0,1.0,0.0,0.0,1.0,2.705,3.24,3.807,2.0,0
45.0,27.0,3.0,39.0,3.0,2.0,0.0,0.0,0.0,13.45,0.0,0.0,0.0,0.0,583.9,0.0,0.0,0.0,0.0,0.0,0.0,0.0,0.0,2.599,3.24,3.664,2.0,0
68.0,42.0,16.0,89.0,4.0,12.0,1.0,1.0,0.0,25.6,0.0,33.0,16.0,0.0,1759.6,0.0,1020.0,0.0,0.0,1.0,0.0,0.0,1.0,3.243,3.24,4.489,2.0,0
6.0,29.0,4.0,19.0,2.0,5.0,0.0,0.0,0.0,4.2,0.0,0.0,0.0,0.0,25.25,0.0,0.0,0.0,0.0,0.0,0.0,0.0,0.0,1.435,3.24,2.944,1.0,0
70.0,35.0,4.0,48.0,2.0,9.0,0.0,1.0,0.0,43.6,0.0,0.0,30.0,0.0,3040.8,0.0,2020.0,0.0,0.0,0.0,0.0,1.0,0.0,3.775,3.24,3.871,2.0,0
24.0,25.0,3.0,28.0,4.0,0.0,1.0,1.0,1.0,10.6,0.0,40.4,25.25,23.4,267.3,0.0,530.0,0.0,1.0,1.0,0.0,0.0,1.0,2.361,3.24,3.332,2.0,0
19.0,35.0,7.0,58.0,3.0,5.0,1.0,1.0,1.0,3.65,37.0,40.3,21.25,43.05,65.15,690.85,385.0,1.0,1.0,1.0,1.0,1.0,0.0,1.295,3.611,4.06,4.0,1
5.0,43.0,16.0,72.0,3.0,17.0,0.0,1.0,0.0,5.55,15.75,0.0,6.5,0.0,23.9,62.25,25.0,0.0,0.0,0.0,1.0,1.0,0.0,1.714,2.757,4.277,3.0,0
14.0,40.0,13.0,398.0,5.0,11.0,1.0,1.0,1.0,6.4,18.0,43.1,23.75,47.7,71.0,259.0,295.0,1.0,1.0,1.0,1.0,1.0,1.0,1.856,2.89,5.986,4.0,1
17.0,39.0,12.0,45.0,4.0,10.0,1.0,0.0,0.0,8.65,0.0,28.95,0.0,0.0,133.1,0.0,0.0,0.0,0.0,0.0,0.0,0.0,1.0,2.158,3.24,3.807,1.0,1
59.0,32.0,9.0,73.0,4.0,5.0,0.0,1.0,0.0,29.2,21.5,0.0,12.75,0.0,1726.6,1231.9,655.0,0.0,0.0,0.0,1.0,0.0,1.0,3.374,3.068,4.29,2.0,1
60.0,53.0,22.0,171.0,1.0,37.0,0.0,1.0,0.0,9.9,31.75,0.0,18.0,0.0,608.65,1972.1,1070.0,0.0,0.0,0.0,1.0,1.0,0.0,2.293,3.458,5.142,3.0,0
53.0,37.0,7.0,25.0,1.0,2.0,0.0,1.0,0.0,5.4,52.0,0.0,34.0,0.0,291.5,2794.95,1660.0,0.0,0.0,0.0,1.0,1.0,0.0,1.686,3.951,3.219,3.0,0
14.0,26.0,1.0,25.0,2.0,0.0,0.0,0.0,0.0,4.4,0.0,0.0,0.0,0.0,71.2,0.0,0.0,0.0,0.0,0.0,0.0,0.0,0.0,1.482,3.24,3.219,3.0,0
17.0,19.0,0.0,18.0,2.0,0.0,1.0,0.0,0.0,7.1,0.0,24.95,0.0,0.0,120.35,0.0,0.0,0.0,0.0,1.0,0.0,0.0,1.0,1.96,3.24,2.89,2.0,1
69.0,42.0,23.0,19.0,3.0,0.0,1.0,1.0,0.0,25.95,0.0,36.9,18.75,0.0,1812.15,0.0,1270.0,0.0,0.0,1.0,0.0,0.0,1.0,3.256,3.24,2.944,1.0,0
10.0,20.0,1.0,20.0,2.0,0.0,0.0,0.0,0.0,5.9,0.0,0.0,0.0,0.0,48.95,0.0,0.0,0.0,0.0,0.0,0.0,0.0,0.0,1.775,3.24,2.996,1.0,1
21.0,43.0,13.0,41.0,2.0,1.0,1.0,1.0,1.0,6.15,23.75,45.4,12.25,37.25,118.15,497.15,195.0,1.0,1.0,1.0,1.0,1.0,1.0,1.816,3.168,3.714,4.0,1
64.0,37.0,10.0,44.0,4.0,9.0,1.0,1.0,0.0,16.15,0.0,35.05,22.0,0.0,965.3,0.0,1350.0,1.0,0.0,0.0,0.0,0.0,1.0,2.782,3.24,3.784,2.0,0
60.0,56.0,19.0,51.0,4.0,11.0,1.0,1.0,1.0,15.25,0.0,57.45,28.5,67.0,873.7,0.0,1630.0,1.0,1.0,1.0,1.0,1.0,1.0,2.725,3.24,3.932,4.0,0
58.0,37.0,5.0,64.0,4.0,8.0,1.0,1.0,1.0,10.8,58.75,63.25,37.75,109.7,634.75,3525.55,2305.0,1.0,1.0,1.0,1.0,1.0,1.0,2.38,4.073,4.159,4.0,1
72.0,61.0,34.0,61.0,1.0,8.0,0.0,1.0,0.0,27.35,0.0,0.0,13.25,0.0,1980.15,0.0,895.0,0.0,0.0,0.0,0.0,0.0,0.0,3.309,3.24,4.111,2.0,0
18.0,34.0,4.0,42.0,2.0,14.0,0.0,1.0,0.0,6.45,19.0,0.0,17.0,0.0,104.05,318.75,240.0,1.0,1.0,0.0,1.0,1.0,0.0,1.864,2.944,3.738,4.0,0
70.0,36.0,8.0,50.0,1.0,15.0,0.0,1.0,0.0,20.55,0.0,0.0,20.75,0.0,1407.15,0.0,1370.0,0.0,0.0,0.0,0.0,0.0,0.0,3.023,3.24,3.912,2.0,0
7.0,38.0,4.0,70.0,4.0,4.0,1.0,1.0,1.0,3.85,19.25,38.35,7.0,17.7,26.65,127.5,40.0,1.0,1.0,1.0,1.0,0.0,1.0,1.348,2.958,4.248,4.0,1
71.0,53.0,29.0,48.0,4.0,0.0,0.0,1.0,0.0,34.95,28.75,0.0,36.0,0.0,2506.05,2074.75,2560.0,0.0,0.0,0.0,1.0,1.0,0.0,3.554,3.359,3.871,3.0,0
31.0,46.0,23.0,144.0,4.0,13.0,0.0,1.0,0.0,7.6,15.25,0.0,9.75,0.0,271.55,501.15,290.0,0.0,0.0,1.0,1.0,0.0,1.0,2.028,2.725,4.97,3.0,0
16.0,49.0,17.0,41.0,2.0,5.0,1.0,0.0,1.0,4.1,14.0,39.15,0.0,31.8,62.45,260.05,0.0,1.0,1.0,1.0,0.0,0.0,0.0,1.411,2.639,3.714,4.0,0
59.0,26.0,3.0,41.0,4.0,1.0,1.0,1.0,1.0,12.65,0.0,35.1,46.75,29.15,804.0,0.0,2710.0,0.0,0.0,1.0,0.0,0.0,0.0,2.538,3.24,3.714,2.0,1
9.0,40.0,13.0,38.0,4.0,7.0,1.0,1.0,1.0,3.35,21.0,42.4,17.5,59.55,37.7,179.8,125.0,1.0,1.0,1.0,1.0,1.0,1.0,1.209,3.045,3.638,4.0,1
12.0,55.0,13.0,36.0,1.0,5.0,1.0,0.0,0.0,5.95,0.0,26.55,0.0,0.0,73.35,0.0,0.0,0.0,0.0,1.0,0.0,0.0,0.0,1.783,3.24,3.584,2.0,1
3.0,32.0,4.0,58.0,2.0,11.0,1.0,1.0,1.0,2.75,15.75,29.5,9.25,28.55,5.7,49.65,15.0,1.0,1.0,0.0,0.0,0.0,1.0,1.012,2.757,4.06,4.0,1
52.0,39.0,6.0,119.0,3.0,18.0,0.0,1.0,0.0,10.5,25.0,0.0,8.25,0.0,556.5,1280.9,450.0,0.0,1.0,0.0,0.0,0.0,1.0,2.351,3.219,4.779,1.0,0
18.0,69.0,28.0,11.0,1.0,17.0,0.0,0.0,0.0,3.85,0.0,0.0,0.0,0.0,62.75,0.0,0.0,0.0,0.0,0.0,0.0,0.0,0.0,1.348,3.24,2.398,1.0,0
43.0,29.0,4.0,33.0,1.0,13.0,0.0,1.0,1.0,22.05,18.75,0.0,7.5,24.95,1042.95,830.75,345.0,0.0,0.0,0.0,1.0,1.0,0.0,3.093,2.931,3.497,3.0,0
37.0,33.0,4.0,41.0,3.0,8.0,1.0,0.0,0.0,9.2,0.0,30.45,0.0,0.0,347.1,0.0,0.0,0.0,0.0,0.0,0.0,0.0,1.0,2.219,3.24,3.714,2.0,1
51.0,46.0,8.0,107.0,2.0,21.0,0.0,1.0,1.0,17.3,25.75,0.0,23.0,37.4,840.0,1396.75,1155.0,0.0,1.0,0.0,1.0,1.0,0.0,2.851,3.248,4.673,3.0,0
56.0,53.0,23.0,100.0,5.0,14.0,1.0,1.0,0.0,14.15,0.0,34.2,9.5,0.0,752.9,0.0,560.0,1.0,0.0,1.0,0.0,0.0,1.0,2.65,3.24,4.605,2.0,0
72.0,55.0,24.0,82.0,3.0,25.0,1.0,1.0,0.0,62.3,0.0,35.65,65.25,0.0,4333.0,0.0,4915.0,0.0,0.0,0.0,1.0,0.0,1.0,4.132,3.24,4.407,2.0,0
32.0,44.0,10.0,201.0,2.0,24.0,0.0,1.0,0.0,7.65,28.0,0.0,18.5,0.0,237.85,895.05,595.0,0.0,1.0,0.0,1.0,1.0,0.0,2.035,3.332,5.303,3.0,0
51.0,49.0,29.0,45.0,1.0,16.0,0.0,1.0,0.0,15.7,0.0,0.0,8.5,0.0,815.05,0.0,400.0,0.0,0.0,0.0,1.0,0.0,0.0,2.754,3.24,3.807,1.0,0
26.0,55.0,13.0,61.0,1.0,26.0,0.0,1.0,0.0,4.25,29.0,0.0,12.0,0.0,102.45,729.15,300.0,0.0,0.0,0.0,1.0,1.0,0.0,1.447,3.367,4.111,3.0,0
34.0,40.0,21.0,23.0,4.0,9.0,1.0,1.0,1.0,5.95,25.75,45.4,16.75,37.7,207.7,805.85,540.0,0.0,1.0,1.0,1.0,1.0,1.0,1.783,3.248,3.135,4.0,0
20.0,25.0,4.0,33.0,4.0,0.0,0.0,1.0,1.0,4.55,16.0,0.0,19.25,27.05,115.65,288.75,365.0,0.0,0.0,1.0,0.0,0.0,1.0,1.515,2.773,3.497,1.0,0
58.0,36.0,13.0,39.0,2.0,8.0,0.0,1.0,1.0,16.4,38.25,0.0,55.5,57.05,933.1,2355.4,3145.0,1.0,1.0,1.0,1.0,1.0,1.0,2.797,3.644,3.664,4.0,1
25.0,38.0,19.0,56.0,1.0,19.0,1.0,1.0,1.0,10.55,0.0,31.95,32.75,23.65,290.25,0.0,770.0,1.0,0.0,0.0,0.0,1.0,0.0,2.356,3.24,4.025,3.0,0
66.0,50.0,2.0,333.0,5.0,24.0,0.0,1.0,0.0,10.3,0.0,0.0,14.25,0.0,659.55,0.0,975.0,0.0,1.0,1.0,0.0,0.0,0.0,2.332,3.24,5.808,2.0,0
71.0,48.0,25.0,288.0,3.0,19.0,0.0,1.0,0.0,30.9,0.0,0.0,19.75,0.0,2123.6,0.0,1305.0,0.0,0.0,0.0,0.0,0.0,0.0,3.431,3.24,5.663,1.0,0
6.0,20.0,0.0,25.0,2.0,0.0,0.0,1.0,0.0,1.9,20.75,0.0,15.5,0.0,19.3,114.4,95.0,0.0,0.0,0.0,1.0,1.0,0.0,0.642,3.033,3.219,3.0,0
26.0,30.0,4.0,76.0,3.0,7.0,1.0,0.0,0.0,9.45,0.0,29.2,0.0,0.0,214.7,0.0,0.0,0.0,1.0,0.0,0.0,0.0,1.0,2.246,3.24,4.331,1.0,0
61.0,52.0,21.0,82.0,1.0,18.0,0.0,1.0,0.0,12.1,0.0,0.0,15.75,0.0,751.75,0.0,910.0,0.0,0.0,0.0,0.0,1.0,0.0,2.493,3.24,4.407,3.0,0
57.0,60.0,20.0,14.0,2.0,27.0,0.0,1.0,0.0,16.1,14.0,0.0,11.75,0.0,938.65,822.35,630.0,0.0,0.0,0.0,1.0,1.0,0.0,2.779,2.639,2.639,3.0,0
55.0,44.0,24.0,83.0,1.0,23.0,0.0,1.0,0.0,17.35,24.5,0.0,14.25,0.0,973.1,1343.5,720.0,0.0,0.0,0.0,0.0,1.0,0.0,2.854,3.199,4.419,3.0,0
34.0,23.0,3.0,24.0,1.0,7.0,0.0,1.0,0.0,6.0,28.0,0.0,12.75,0.0,203.25,959.4,435.0,0.0,0.0,0.0,1.0,1.0,0.0,1.792,3.332,3.178,3.0,0
6.0,32.0,10.0,47.0,1.0,10.0,0.0,1.0,0.0,3.85,23.75,0.0,12.5,0.0,29.9,128.45,80.0,0.0,0.0,0.0,1.0,1.0,0.0,1.348,3.168,3.85,3.0,0
24.0,30.0,0.0,25.0,4.0,5.0,0.0,1.0,1.0,8.7,47.75,0.0,32.75,64.0,186.6,1152.9,780.0,1.0,1.0,1.0,1.0,1.0,1.0,2.163,3.866,3.219,4.0,1
61.0,50.0,16.0,190.0,2.0,22.0,1.0,1.0,1.0,16.85,0.0,42.55,26.5,44.1,1063.15,0.0,1600.0,0.0,0.0,1.0,0.0,0.0,1.0,2.824,3.24,5.247,2.0,0
